name,niche,subdomain,cost_min,cost_max,shipping_min,shipping_max,retail_min,retail_max,margin_est,priority,aliexpress_search_url,content_angle
LED Face Mask,Beauty,beauty,18,35,6,12,79,149,60-75%,1,https://www.aliexpress.us/w/wholesale-led-face-mask.html,Luxury spa results at home
Heatless Curlers,Beauty,beauty,2,6,2,5,19,39,75-85%,2,https://www.aliexpress.us/w/wholesale-heatless-curling-rod.html,Salon curls without heat damage
Ice Roller,Beauty,beauty,3,7,3,6,24,39,70-80%,3,https://www.aliexpress.us/w/wholesale-ice-roller-face.html,Depuff your face in 30 seconds
Scalp Massager,Beauty,beauty,1.5,5,2,5,19,34,75-85%,4,https://www.aliexpress.us/w/wholesale-scalp-massager.html,Hair growth and scalp care
Facial Cleansing Brush,Beauty,beauty,4,12,3,7,29,59,65-80%,5,https://www.aliexpress.us/w/wholesale-facial-cleansing-brush.html,Deep clean skincare routine
Satin Hair Wrap,Beauty,beauty,1,4,2,4,18,29,80-90%,6,https://www.aliexpress.us/w/wholesale-satin-hair-wrap.html,Protect hair while sleeping
LED Neck Mask,Beauty,beauty,15,30,6,10,69,129,60-70%,7,https://www.aliexpress.us/w/wholesale-led-neck-mask.html,Anti-aging neck care
Blackhead Vacuum,Beauty,beauty,7,15,4,7,34,69,60-75%,8,https://www.aliexpress.us/w/wholesale-blackhead-remover-vacuum.html,Satisfying pore cleaning demo
Eye Patches,Beauty,beauty,2,6,2,5,19,39,70-85%,9,https://www.aliexpress.us/w/wholesale-eye-patches.html,Morning glow-up routine
Dog Water Bottle,Pets,pets,3,8,3,6,19,39,70-85%,1,https://www.aliexpress.us/w/wholesale-dog-water-bottle.html,Every dog owner needs this
Calming Dog Bed,Pets,pets,12,25,8,20,49,99,55-70%,2,https://www.aliexpress.us/w/wholesale-calming-dog-bed.html,Help anxious pets relax
Pet Hair Remover Roller,Pets,pets,2,6,3,6,19,34,70-85%,3,https://www.aliexpress.us/w/wholesale-pet-hair-remover.html,Remove fur instantly
Automatic Pet Feeder,Pets,pets,20,45,10,20,79,149,50-65%,4,https://www.aliexpress.us/w/wholesale-automatic-pet-feeder.html,Feed pets automatically
Dog Seat Cover,Pets,pets,8,18,6,12,39,79,60-75%,5,https://www.aliexpress.us/w/wholesale-dog-car-seat-cover.html,Keep car clean with dogs
LED Dog Collar,Pets,pets,2,5,2,4,14,29,75-85%,6,https://www.aliexpress.us/w/wholesale-led-dog-collar.html,Night walk safety
Lick Mat,Pets,pets,2,6,3,5,19,34,70-85%,7,https://www.aliexpress.us/w/wholesale-dog-lick-mat.html,Calm dogs with enrichment
Cat Laser Toy,Pets,pets,2,7,3,5,19,39,70-85%,8,https://www.aliexpress.us/w/wholesale-cat-laser-toy.html,Keep cats entertained
Dog Paw Cleaner,Pets,pets,3,8,3,6,19,39,70-85%,9,https://www.aliexpress.us/w/wholesale-dog-paw-cleaner.html,Stop muddy paw prints
Posture Corrector,Fitness,fitness,5,10,2,5,34,39,70-80%,1,https://www.aliexpress.us/w/wholesale-posture-corrector.html,Desk posture reset in 5 minutes a day
Resistance Bands,Fitness,fitness,2,5,2,4,24,29,80-85%,2,https://www.aliexpress.us/w/wholesale-resistance-bands.html,Cardio and strength anywhere
Smart Jump Rope,Fitness,fitness,6,12,3,6,34,39,65-75%,3,https://www.aliexpress.us/w/wholesale-smart-jump-rope.html,Cardio with automatic app jump tracking
Pet Dental Kit,Pets,pets,3,6,2,4,29,34,75-80%,10,https://www.aliexpress.us/w/wholesale-pet-dental-kit.html,Fresh pet breath and healthy gums
Sunset Lamp,Home,home,3,5,2,4,19,24,70-80%,1,https://www.aliexpress.us/w/wholesale-sunset-lamp.html,Bring atmospheric sunset colors into your bedroom
Flame Diffuser,Home,home,6,12,3,6,34,39,65-75%,2,https://www.aliexpress.us/w/wholesale-flame-diffuser.html,Ultrasonic cool mist with realistic flame lighting
Self-Wringing Mop,Home,home,5,10,3,6,29,34,65-75%,3,https://www.aliexpress.us/w/wholesale-flat-mop-hands-free.html,Hands-free self-wringing floor mop